
-- Create tables
DROP TABLE IF EXISTS payments;
DROP TABLE IF EXISTS order_items;
DROP TABLE IF EXISTS orders;
DROP TABLE IF EXISTS products;
DROP TABLE IF EXISTS customers;

CREATE TABLE customers (
    customer_id INT PRIMARY KEY,
    customer_name VARCHAR(100),
    email VARCHAR(100),
    city VARCHAR(50),
    country VARCHAR(50),
    created_at DATE
);

CREATE TABLE products (
    product_id INT PRIMARY KEY,
    product_name VARCHAR(100),
    category VARCHAR(50),
    price DECIMAL(10, 2),
    stock_quantity INT
);

CREATE TABLE orders (
    order_id INT PRIMARY KEY,
    customer_id INT,
    order_date DATE,
    order_status VARCHAR(50),
    order_amount DECIMAL(10, 2),
    FOREIGN KEY (customer_id) REFERENCES customers(customer_id)
);

CREATE TABLE order_items (
    item_id INT PRIMARY KEY,
    order_id INT,
    product_id INT,
    quantity INT,
    item_price DECIMAL(10, 2),
    FOREIGN KEY (order_id) REFERENCES orders(order_id),
    FOREIGN KEY (product_id) REFERENCES products(product_id)
);

CREATE TABLE payments (
    payment_id INT PRIMARY KEY,
    order_id INT,
    payment_method VARCHAR(50),
    payment_date DATE,
    amount DECIMAL(10, 2),
    FOREIGN KEY (order_id) REFERENCES orders(order_id)
);

INSERT INTO customers VALUES
(1, 'Customer 1', 'customer1@example.com', 'London', 'Germany', '2023-07-18'),
(2, 'Customer 2', 'customer2@example.com', 'Delhi', 'Germany', '2023-04-18'),
(3, 'Customer 3', 'customer3@example.com', 'Toronto', 'USA', '2023-08-22'),
(4, 'Customer 4', 'customer4@example.com', 'Tokyo', 'Japan', '2023-08-18'),
(5, 'Customer 5', 'customer5@example.com', 'Toronto', 'Japan', '2023-07-19'),
(6, 'Customer 6', 'customer6@example.com', 'Berlin', 'India', '2023-02-21'),
(7, 'Customer 7', 'customer7@example.com', 'Delhi', 'UK', '2023-08-10'),
(8, 'Customer 8', 'customer8@example.com', 'Paris', 'India', '2023-02-02'),
(9, 'Customer 9', 'customer9@example.com', 'Delhi', 'UK', '2023-02-04'),
(10, 'Customer 10', 'customer10@example.com', 'Tokyo', 'USA', '2023-07-08'),
(11, 'Customer 11', 'customer11@example.com', 'Delhi', 'Canada', '2023-10-05'),
(12, 'Customer 12', 'customer12@example.com', 'Delhi', 'Japan', '2023-05-01'),
(13, 'Customer 13', 'customer13@example.com', 'Toronto', 'Germany', '2023-07-31'),
(14, 'Customer 14', 'customer14@example.com', 'New York', 'UK', '2023-09-10'),
(15, 'Customer 15', 'customer15@example.com', 'New York', 'India', '2023-04-08'),
(16, 'Customer 16', 'customer16@example.com', 'Paris', 'India', '2023-07-18'),
(17, 'Customer 17', 'customer17@example.com', 'London', 'Canada', '2023-03-23'),
(18, 'Customer 18', 'customer18@example.com', 'Berlin', 'Japan', '2023-06-20'),
(19, 'Customer 19', 'customer19@example.com', 'London', 'Germany', '2023-08-12'),
(20, 'Customer 20', 'customer20@example.com', 'Delhi', 'Germany', '2023-01-31'),
(21, 'Customer 21', 'customer21@example.com', 'New York', 'India', '2023-09-29'),
(22, 'Customer 22', 'customer22@example.com', 'Paris', 'USA', '2023-07-06'),
(23, 'Customer 23', 'customer23@example.com', 'London', 'France', '2023-10-29'),
(24, 'Customer 24', 'customer24@example.com', 'New York', 'France', '2023-09-24'),
(25, 'Customer 25', 'customer25@example.com', 'Berlin', 'Japan', '2023-04-12'),
(26, 'Customer 26', 'customer26@example.com', 'Delhi', 'Canada', '2023-07-05'),
(27, 'Customer 27', 'customer27@example.com', 'New York', 'India', '2023-03-24'),
(28, 'Customer 28', 'customer28@example.com', 'Toronto', 'France', '2023-01-15'),
(29, 'Customer 29', 'customer29@example.com', 'Tokyo', 'UK', '2023-08-29'),
(30, 'Customer 30', 'customer30@example.com', 'Delhi', 'Canada', '2023-11-08'),
(31, 'Customer 31', 'customer31@example.com', 'Paris', 'UK', '2023-12-26'),
(32, 'Customer 32', 'customer32@example.com', 'Toronto', 'Canada', '2023-02-21'),
(33, 'Customer 33', 'customer33@example.com', 'Berlin', 'UK', '2023-01-30'),
(34, 'Customer 34', 'customer34@example.com', 'Paris', 'USA', '2023-02-24'),
(35, 'Customer 35', 'customer35@example.com', 'London', 'India', '2023-09-07'),
(36, 'Customer 36', 'customer36@example.com', 'Paris', 'Japan', '2023-09-29'),
(37, 'Customer 37', 'customer37@example.com', 'Tokyo', 'India', '2023-06-21'),
(38, 'Customer 38', 'customer38@example.com', 'London', 'Canada', '2023-08-10'),
(39, 'Customer 39', 'customer39@example.com', 'Delhi', 'India', '2023-11-25'),
(40, 'Customer 40', 'customer40@example.com', 'Delhi', 'Germany', '2023-08-18'),
(41, 'Customer 41', 'customer41@example.com', 'London', 'India', '2023-11-02'),
(42, 'Customer 42', 'customer42@example.com', 'Paris', 'Germany', '2023-04-11'),
(43, 'Customer 43', 'customer43@example.com', 'Berlin', 'France', '2023-08-22'),
(44, 'Customer 44', 'customer44@example.com', 'Toronto', 'Germany', '2023-12-25'),
(45, 'Customer 45', 'customer45@example.com', 'Delhi', 'India', '2023-11-02'),
(46, 'Customer 46', 'customer46@example.com', 'Berlin', 'UK', '2023-11-21'),
(47, 'Customer 47', 'customer47@example.com', 'Tokyo', 'India', '2023-10-31'),
(48, 'Customer 48', 'customer48@example.com', 'Toronto', 'USA', '2023-11-13'),
(49, 'Customer 49', 'customer49@example.com', 'Tokyo', 'France', '2023-05-22'),
(50, 'Customer 50', 'customer50@example.com', 'New York', 'India', '2023-05-28');

INSERT INTO products VALUES
(101, 'Product 101', 'Furniture', 345.73, 36),
(102, 'Product 102', 'Appliances', 620.88, 86),
(103, 'Product 103', 'Furniture', 403.04, 57),
(104, 'Product 104', 'Clothing', 741.18, 10),
(105, 'Product 105', 'Appliances', 737.56, 15),
(106, 'Product 106', 'Clothing', 28.39, 41),
(107, 'Product 107', 'Electronics', 785.15, 41),
(108, 'Product 108', 'Clothing', 438.86, 67),
(109, 'Product 109', 'Clothing', 720.59, 30),
(110, 'Product 110', 'Furniture', 607.62, 67),
(111, 'Product 111', 'Electronics', 809.12, 62),
(112, 'Product 112', 'Books', 582.11, 56),
(113, 'Product 113', 'Electronics', 520.53, 23),
(114, 'Product 114', 'Books', 887.89, 92),
(115, 'Product 115', 'Clothing', 113.51, 29),
(116, 'Product 116', 'Furniture', 104.64, 66),
(117, 'Product 117', 'Books', 519.48, 39),
(118, 'Product 118', 'Appliances', 682.9, 92),
(119, 'Product 119', 'Appliances', 925.73, 15),
(120, 'Product 120', 'Furniture', 674.94, 74),
(121, 'Product 121', 'Appliances', 471.49, 51),
(122, 'Product 122', 'Electronics', 347.94, 75),
(123, 'Product 123', 'Clothing', 629.82, 24),
(124, 'Product 124', 'Appliances', 630.06, 44),
(125, 'Product 125', 'Clothing', 954.16, 85),
(126, 'Product 126', 'Electronics', 393.98, 14),
(127, 'Product 127', 'Clothing', 104.8, 88),
(128, 'Product 128', 'Appliances', 564.76, 29),
(129, 'Product 129', 'Clothing', 512.73, 68),
(130, 'Product 130', 'Appliances', 538.13, 21),
(131, 'Product 131', 'Electronics', 368.8, 81),
(132, 'Product 132', 'Clothing', 338.79, 80),
(133, 'Product 133', 'Clothing', 467.41, 62),
(134, 'Product 134', 'Electronics', 361.04, 89),
(135, 'Product 135', 'Electronics', 144.2, 19),
(136, 'Product 136', 'Appliances', 131.12, 66),
(137, 'Product 137', 'Electronics', 341.19, 54),
(138, 'Product 138', 'Books', 928.86, 90),
(139, 'Product 139', 'Furniture', 471.38, 88),
(140, 'Product 140', 'Electronics', 10.3, 100),
(141, 'Product 141', 'Appliances', 612.06, 73),
(142, 'Product 142', 'Clothing', 711.59, 79),
(143, 'Product 143', 'Clothing', 409.84, 38),
(144, 'Product 144', 'Books', 72.12, 44),
(145, 'Product 145', 'Appliances', 196.52, 31),
(146, 'Product 146', 'Electronics', 26.74, 15),
(147, 'Product 147', 'Furniture', 370.25, 58),
(148, 'Product 148', 'Books', 848.33, 61),
(149, 'Product 149', 'Furniture', 954.11, 11),
(150, 'Product 150', 'Electronics', 834.71, 84);

INSERT INTO orders VALUES
(1001, 38, '2023-03-27', 'Pending', 1007.59),
(1002, 41, '2023-05-06', 'Cancelled', 525.53),
(1003, 8, '2023-11-15', 'Cancelled', 1580.38),
(1004, 43, '2023-06-05', 'Cancelled', 1837.52),
(1005, 16, '2023-09-25', 'Pending', 748.85),
(1006, 33, '2023-05-05', 'Cancelled', 1961.75),
(1007, 25, '2023-02-25', 'Cancelled', 1923.12),
(1008, 29, '2023-01-05', 'Pending', 856.56),
(1009, 28, '2023-10-02', 'Completed', 1634.21),
(1010, 47, '2023-02-12', 'Completed', 1446.35),
(1011, 22, '2023-09-03', 'Completed', 1489.56),
(1012, 39, '2023-05-29', 'Completed', 777.19),
(1013, 27, '2023-12-31', 'Completed', 112.86),
(1014, 24, '2023-12-12', 'Pending', 939.5),
(1015, 20, '2023-01-28', 'Pending', 1263.27),
(1016, 43, '2023-03-03', 'Pending', 472.76),
(1017, 31, '2023-07-30', 'Cancelled', 121.9),
(1018, 38, '2023-05-11', 'Completed', 1855.16),
(1019, 30, '2023-02-13', 'Completed', 774.87),
(1020, 24, '2023-09-27', 'Completed', 1441.99),
(1021, 11, '2023-04-27', 'Pending', 1052.73),
(1022, 34, '2023-04-10', 'Completed', 708.54),
(1023, 44, '2023-11-29', 'Cancelled', 1204.62),
(1024, 11, '2023-10-15', 'Pending', 418.63),
(1025, 29, '2023-04-05', 'Cancelled', 1199.9),
(1026, 15, '2023-12-09', 'Completed', 801.56),
(1027, 34, '2023-09-03', 'Completed', 313.3),
(1028, 6, '2023-02-21', 'Completed', 1810.02),
(1029, 45, '2023-10-31', 'Completed', 1370.21),
(1030, 48, '2023-02-17', 'Completed', 785.2),
(1031, 5, '2023-09-15', 'Completed', 669.61),
(1032, 49, '2023-12-06', 'Completed', 885.43),
(1033, 49, '2023-06-25', 'Pending', 1440.76),
(1034, 30, '2023-03-01', 'Pending', 879.26),
(1035, 43, '2023-07-17', 'Completed', 1159.35),
(1036, 32, '2023-10-27', 'Cancelled', 887.08),
(1037, 37, '2023-12-07', 'Pending', 1214.42),
(1038, 43, '2023-10-30', 'Pending', 1581.4),
(1039, 45, '2023-01-19', 'Completed', 1464.19),
(1040, 10, '2023-11-16', 'Cancelled', 1942.29),
(1041, 29, '2023-09-08', 'Cancelled', 453.36),
(1042, 43, '2023-06-24', 'Pending', 1134.09),
(1043, 33, '2023-01-30', 'Pending', 866.79),
(1044, 28, '2023-08-17', 'Completed', 1230.76),
(1045, 6, '2023-08-08', 'Cancelled', 482.19),
(1046, 1, '2023-10-13', 'Cancelled', 626.08),
(1047, 18, '2023-10-15', 'Pending', 839.21),
(1048, 20, '2023-03-04', 'Pending', 1887.43),
(1049, 18, '2023-12-08', 'Completed', 1395.09),
(1050, 22, '2023-01-10', 'Cancelled', 1564.13);

INSERT INTO order_items VALUES
(1, 1001, 133, 3, 136.8),
(2, 1001, 147, 3, 331.81),
(3, 1002, 116, 4, 87.34),
(4, 1003, 129, 1, 324.63),
(5, 1004, 147, 5, 322.62),
(6, 1004, 133, 1, 241.23),
(7, 1005, 103, 2, 159.48),
(8, 1005, 140, 4, 252.57),
(9, 1006, 102, 3, 385.52),
(10, 1007, 134, 4, 207.25),
(11, 1007, 109, 2, 424.04),
(12, 1007, 132, 1, 295.87),
(13, 1008, 133, 1, 37.71),
(14, 1009, 108, 2, 262.44),
(15, 1009, 103, 3, 194.87),
(16, 1010, 126, 3, 335.57),
(17, 1011, 146, 3, 229.23),
(18, 1012, 145, 4, 312.77),
(19, 1013, 143, 2, 239.14),
(20, 1014, 122, 2, 66.13),
(21, 1014, 134, 2, 69.34),
(22, 1014, 104, 3, 462.24),
(23, 1015, 123, 4, 194.48),
(24, 1015, 121, 5, 202.59),
(25, 1015, 103, 2, 455.06),
(26, 1016, 101, 5, 388.84),
(27, 1016, 117, 3, 293.65),
(28, 1017, 134, 5, 227.51),
(29, 1017, 108, 3, 447.66),
(30, 1018, 117, 1, 487.92),
(31, 1018, 124, 4, 226.7),
(32, 1019, 138, 5, 258.82),
(33, 1020, 133, 3, 488.81),
(34, 1020, 140, 2, 302.42),
(35, 1021, 140, 2, 248.67),
(36, 1021, 107, 3, 173.75),
(37, 1022, 125, 2, 434.03),
(38, 1022, 141, 5, 257.81),
(39, 1022, 121, 1, 253.07),
(40, 1023, 136, 3, 337.92),
(41, 1024, 118, 1, 246.89),
(42, 1024, 133, 1, 458.03),
(43, 1024, 138, 4, 34.28),
(44, 1025, 144, 1, 476.05),
(45, 1025, 105, 4, 143.95),
(46, 1025, 142, 4, 492.4),
(47, 1026, 142, 3, 274.04),
(48, 1027, 128, 5, 103.72),
(49, 1027, 112, 3, 409.56),
(50, 1027, 108, 5, 114.87),
(51, 1028, 145, 2, 190.36),
(52, 1028, 150, 4, 91.07),
(53, 1029, 103, 5, 227.47),
(54, 1029, 131, 1, 388.27),
(55, 1030, 110, 2, 473.7),
(56, 1031, 140, 5, 452.82),
(57, 1032, 109, 4, 349.75),
(58, 1032, 110, 4, 455.54),
(59, 1033, 104, 3, 453.39),
(60, 1033, 115, 5, 154.73),
(61, 1034, 112, 3, 481.72),
(62, 1034, 141, 1, 50.8),
(63, 1034, 140, 2, 171.34),
(64, 1035, 116, 3, 262.32),
(65, 1035, 102, 4, 261.96),
(66, 1035, 137, 5, 167.7),
(67, 1036, 136, 2, 308.92),
(68, 1037, 140, 4, 142.57),
(69, 1037, 109, 2, 419.03),
(70, 1037, 122, 1, 381.06),
(71, 1038, 144, 2, 350.84),
(72, 1038, 106, 1, 150.77),
(73, 1038, 108, 4, 54.39),
(74, 1039, 123, 1, 154.06),
(75, 1039, 141, 2, 325.26),
(76, 1040, 115, 5, 486.15),
(77, 1040, 134, 4, 188.21),
(78, 1040, 126, 3, 90.01),
(79, 1041, 125, 3, 162.75),
(80, 1042, 115, 3, 491.69),
(81, 1043, 118, 2, 290.2),
(82, 1043, 148, 2, 344.17),
(83, 1044, 129, 3, 283.8),
(84, 1044, 105, 2, 306.8),
(85, 1044, 132, 3, 293.86),
(86, 1045, 108, 5, 152.56),
(87, 1045, 116, 5, 258.48),
(88, 1046, 143, 3, 39.88),
(89, 1046, 147, 2, 258.98),
(90, 1047, 133, 5, 404.92),
(91, 1047, 104, 1, 485.61),
(92, 1048, 143, 2, 399.62),
(93, 1049, 115, 3, 319.28),
(94, 1050, 123, 4, 110.73),
(95, 1050, 110, 1, 349.8),
(96, 1050, 103, 5, 69.59);

INSERT INTO payments VALUES
(201, 1001, 'PayPal', '2023-05-26', 1835.21),
(202, 1002, 'Credit Card', '2023-11-07', 624.88),
(203, 1003, 'PayPal', '2023-01-23', 1119.29),
(204, 1004, 'PayPal', '2023-01-01', 862.11),
(205, 1005, 'Bank Transfer', '2023-12-04', 1461.86),
(206, 1006, 'PayPal', '2023-11-11', 1230.01),
(207, 1007, 'Credit Card', '2023-08-27', 1478.17),
(208, 1008, 'PayPal', '2023-02-19', 324.72),
(209, 1009, 'PayPal', '2023-10-03', 346.86),
(210, 1010, 'PayPal', '2023-10-06', 898.43),
(211, 1011, 'Credit Card', '2023-07-22', 1332.67),
(212, 1012, 'PayPal', '2023-12-21', 1616.49),
(213, 1013, 'PayPal', '2023-09-13', 276.19),
(214, 1014, 'PayPal', '2023-04-03', 1617.54),
(215, 1015, 'Bank Transfer', '2023-11-12', 278.6),
(216, 1016, 'Credit Card', '2023-01-12', 1882.63),
(217, 1017, 'Bank Transfer', '2023-05-28', 1506.55),
(218, 1018, 'PayPal', '2023-08-28', 247.66),
(219, 1019, 'Credit Card', '2023-02-16', 1171.19),
(220, 1020, 'Credit Card', '2023-07-07', 1235.73),
(221, 1021, 'Credit Card', '2023-12-18', 870.2),
(222, 1022, 'PayPal', '2023-11-26', 1743.13),
(223, 1023, 'Bank Transfer', '2023-06-10', 1029.25),
(224, 1024, 'PayPal', '2023-11-18', 1719.81),
(225, 1025, 'Bank Transfer', '2023-04-08', 758.11),
(226, 1026, 'Bank Transfer', '2023-05-31', 1818.29),
(227, 1027, 'PayPal', '2023-11-27', 1882.99),
(228, 1028, 'Credit Card', '2023-04-20', 743.0),
(229, 1029, 'Credit Card', '2023-07-13', 1423.8),
(230, 1030, 'Bank Transfer', '2023-01-16', 1928.39),
(231, 1031, 'Bank Transfer', '2023-02-03', 1730.73),
(232, 1032, 'Bank Transfer', '2023-09-14', 1382.64),
(233, 1033, 'Credit Card', '2023-01-14', 1456.44),
(234, 1034, 'PayPal', '2023-09-06', 1610.21),
(235, 1035, 'Credit Card', '2023-11-17', 197.44),
(236, 1036, 'Bank Transfer', '2023-08-12', 468.55),
(237, 1037, 'PayPal', '2023-04-25', 820.3),
(238, 1038, 'PayPal', '2023-03-03', 1562.6),
(239, 1039, 'Credit Card', '2023-08-03', 189.24),
(240, 1040, 'PayPal', '2023-09-22', 1117.19),
(241, 1041, 'Bank Transfer', '2023-08-23', 1539.48),
(242, 1042, 'Credit Card', '2023-08-08', 121.7),
(243, 1043, 'PayPal', '2023-10-30', 260.39),
(244, 1044, 'Bank Transfer', '2023-05-27', 488.21),
(245, 1045, 'PayPal', '2023-03-30', 1408.68),
(246, 1046, 'PayPal', '2023-05-30', 1101.7),
(247, 1047, 'Credit Card', '2023-12-23', 171.42),
(248, 1048, 'Bank Transfer', '2023-07-25', 506.06),
(249, 1049, 'Credit Card', '2023-09-30', 1988.45),
(250, 1050, 'PayPal', '2023-06-24', 1278.83);
